{
    "loss": 4.910257816314697,
    "accuracy": 0.7179487347602844
}